,index,image_path,sign_shape,isVal,labels_num
0,282,./trafficsigns_dataset\hex\stop\00375_00000.png,hex,0,0
1,283,./trafficsigns_dataset\hex\stop\00375_00001.png,hex,0,0
2,284,./trafficsigns_dataset\hex\stop\00375_00002.png,hex,0,0
3,285,./trafficsigns_dataset\hex\stop\00478_00000.png,hex,0,0
4,286,./trafficsigns_dataset\hex\stop\00478_00001.png,hex,0,0
5,287,./trafficsigns_dataset\hex\stop\00478_00002.png,hex,0,0
6,288,./trafficsigns_dataset\hex\stop\00546_00000.png,hex,0,0
7,289,./trafficsigns_dataset\hex\stop\00546_00001.png,hex,0,0
8,290,./trafficsigns_dataset\hex\stop\00546_00002.png,hex,0,0
9,291,./trafficsigns_dataset\hex\stop\00554_00000.png,hex,0,0
10,292,./trafficsigns_dataset\hex\stop\00554_00001.png,hex,0,0
11,293,./trafficsigns_dataset\hex\stop\00554_00002.png,hex,0,0
12,294,./trafficsigns_dataset\hex\stop\00684_00000.png,hex,0,0
13,295,./trafficsigns_dataset\hex\stop\00684_00001.png,hex,0,0
14,296,./trafficsigns_dataset\hex\stop\00684_00002.png,hex,0,0
15,297,./trafficsigns_dataset\hex\stop\00685_00000.png,hex,0,0
16,298,./trafficsigns_dataset\hex\stop\00685_00001.png,hex,0,0
17,299,./trafficsigns_dataset\hex\stop\00685_00002.png,hex,0,0
18,300,./trafficsigns_dataset\hex\stop\00715_00000.png,hex,0,0
19,301,./trafficsigns_dataset\hex\stop\00715_00001.png,hex,0,0
20,302,./trafficsigns_dataset\hex\stop\00715_00002.png,hex,0,0
21,303,./trafficsigns_dataset\hex\stop\00715_00003.png,hex,0,0
22,304,./trafficsigns_dataset\hex\stop\01162_00000.png,hex,0,0
23,305,./trafficsigns_dataset\hex\stop\01162_00001.png,hex,0,0
24,306,./trafficsigns_dataset\hex\stop\01162_00002.png,hex,0,0
25,307,./trafficsigns_dataset\hex\stop\01258_00000.png,hex,0,0
26,308,./trafficsigns_dataset\hex\stop\01258_00001.png,hex,0,0
27,309,./trafficsigns_dataset\hex\stop\01258_00002.png,hex,0,0
28,310,./trafficsigns_dataset\hex\stop\01811_00000.png,hex,0,0
29,311,./trafficsigns_dataset\hex\stop\01811_00001.png,hex,0,0
30,312,./trafficsigns_dataset\hex\stop\01811_00002.png,hex,0,0
31,313,./trafficsigns_dataset\hex\stop\01832_00000.png,hex,0,0
32,314,./trafficsigns_dataset\hex\stop\01832_00001.png,hex,0,0
33,315,./trafficsigns_dataset\hex\stop\01832_00002.png,hex,0,0
34,316,./trafficsigns_dataset\hex\stop\01868_00000.png,hex,0,0
35,317,./trafficsigns_dataset\hex\stop\01868_00001.png,hex,0,0
36,318,./trafficsigns_dataset\hex\stop\01868_00002.png,hex,0,0
37,319,./trafficsigns_dataset\hex\stop\01920_00000.png,hex,0,0
38,320,./trafficsigns_dataset\hex\stop\01920_00001.png,hex,0,0
39,321,./trafficsigns_dataset\hex\stop\01920_00002.png,hex,0,0
40,322,./trafficsigns_dataset\hex\stop\01951_00000.png,hex,0,0
41,323,./trafficsigns_dataset\hex\stop\01951_00001.png,hex,0,0
42,324,./trafficsigns_dataset\hex\stop\01951_00002.png,hex,0,0
43,2085,./trafficsigns_dataset\square\continue\00093_00000.png,square,0,3
44,2086,./trafficsigns_dataset\square\continue\00093_00001.png,square,0,3
45,2087,./trafficsigns_dataset\square\continue\00093_00002.png,square,0,3
46,2088,./trafficsigns_dataset\square\continue\00101_00000.png,square,0,3
47,2089,./trafficsigns_dataset\square\continue\00101_00001.png,square,0,3
48,2090,./trafficsigns_dataset\square\continue\00101_00002.png,square,0,3
49,2091,./trafficsigns_dataset\square\continue\00176_00000.png,square,0,3
50,2092,./trafficsigns_dataset\square\continue\00176_00001.png,square,0,3
51,2093,./trafficsigns_dataset\square\continue\00176_00002.png,square,0,3
52,2094,./trafficsigns_dataset\square\continue\00181_00000.png,square,0,3
53,2095,./trafficsigns_dataset\square\continue\00181_00001.png,square,0,3
54,2096,./trafficsigns_dataset\square\continue\00181_00002.png,square,0,3
55,2097,./trafficsigns_dataset\square\continue\00242_00000.png,square,0,3
56,2098,./trafficsigns_dataset\square\continue\00242_00001.png,square,0,3
57,2099,./trafficsigns_dataset\square\continue\00242_00002.png,square,0,3
58,2100,./trafficsigns_dataset\square\continue\00274_00000.png,square,0,3
59,2101,./trafficsigns_dataset\square\continue\00274_00001.png,square,0,3
60,2102,./trafficsigns_dataset\square\continue\00274_00002.png,square,0,3
61,2103,./trafficsigns_dataset\square\continue\00306_00000.png,square,0,3
62,2104,./trafficsigns_dataset\square\continue\00306_00001.png,square,0,3
63,2105,./trafficsigns_dataset\square\continue\00306_00002.png,square,0,3
64,2106,./trafficsigns_dataset\square\continue\00323_00000.png,square,0,3
65,2107,./trafficsigns_dataset\square\continue\00323_00001.png,square,0,3
66,2108,./trafficsigns_dataset\square\continue\00323_00002.png,square,0,3
67,2109,./trafficsigns_dataset\square\continue\00325_00000.png,square,0,3
68,2110,./trafficsigns_dataset\square\continue\00325_00001.png,square,0,3
69,2111,./trafficsigns_dataset\square\continue\00325_00002.png,square,0,3
70,2112,./trafficsigns_dataset\square\continue\00366_00000.png,square,0,3
71,2113,./trafficsigns_dataset\square\continue\00366_00001.png,square,0,3
72,2114,./trafficsigns_dataset\square\continue\00366_00002.png,square,0,3
73,2115,./trafficsigns_dataset\square\continue\00367_00000.png,square,0,3
74,2116,./trafficsigns_dataset\square\continue\00367_00001.png,square,0,3
75,2117,./trafficsigns_dataset\square\continue\00367_00002.png,square,0,3
76,2118,./trafficsigns_dataset\square\continue\00368_00000.png,square,0,3
77,2119,./trafficsigns_dataset\square\continue\00368_00001.png,square,0,3
78,2120,./trafficsigns_dataset\square\continue\00368_00002.png,square,0,3
79,2121,./trafficsigns_dataset\square\continue\00671_00000.png,square,0,3
80,2122,./trafficsigns_dataset\square\continue\00671_00001.png,square,0,3
81,2123,./trafficsigns_dataset\square\continue\00671_00002.png,square,0,3
82,2124,./trafficsigns_dataset\square\continue\00674_00000.png,square,0,3
83,2125,./trafficsigns_dataset\square\continue\00674_00001.png,square,0,3
84,2126,./trafficsigns_dataset\square\continue\00674_00002.png,square,0,3
85,2127,./trafficsigns_dataset\square\continue\00705_00000.png,square,0,3
86,2128,./trafficsigns_dataset\square\continue\00705_00001.png,square,0,3
87,2129,./trafficsigns_dataset\square\continue\00705_00002.png,square,0,3
88,2130,./trafficsigns_dataset\square\continue\00879_00000.png,square,0,3
89,2131,./trafficsigns_dataset\square\continue\00886_00000.png,square,0,3
90,2132,./trafficsigns_dataset\square\continue\00886_00001.png,square,0,3
91,2133,./trafficsigns_dataset\square\continue\00886_00002.png,square,0,3
92,2134,./trafficsigns_dataset\square\continue\00893_00000.png,square,0,3
93,2135,./trafficsigns_dataset\square\continue\00893_00001.png,square,0,3
94,2136,./trafficsigns_dataset\square\continue\00893_00002.png,square,0,3
95,2137,./trafficsigns_dataset\square\continue\00894_00000.png,square,0,3
96,2138,./trafficsigns_dataset\square\continue\00894_00001.png,square,0,3
97,2139,./trafficsigns_dataset\square\continue\00949_00000.png,square,0,3
98,2140,./trafficsigns_dataset\square\continue\01041_00000.png,square,0,3
99,2141,./trafficsigns_dataset\square\continue\01041_00001.png,square,0,3
100,2142,./trafficsigns_dataset\square\continue\01041_00002.png,square,0,3
101,2143,./trafficsigns_dataset\square\continue\01045_00000.png,square,0,3
102,2144,./trafficsigns_dataset\square\continue\01045_00001.png,square,0,3
103,2145,./trafficsigns_dataset\square\continue\01045_00002.png,square,0,3
104,2146,./trafficsigns_dataset\square\continue\01052_00000.png,square,0,3
105,2147,./trafficsigns_dataset\square\continue\01052_00001.png,square,0,3
106,2148,./trafficsigns_dataset\square\continue\01052_00002.png,square,0,3
107,2149,./trafficsigns_dataset\square\continue\01056_00000.png,square,0,3
108,2150,./trafficsigns_dataset\square\continue\01056_00001.png,square,0,3
109,2151,./trafficsigns_dataset\square\continue\01056_00002.png,square,0,3
110,2152,./trafficsigns_dataset\square\continue\01063_00000.png,square,0,3
111,2153,./trafficsigns_dataset\square\continue\01063_00001.png,square,0,3
112,2154,./trafficsigns_dataset\square\continue\01063_00002.png,square,0,3
113,2155,./trafficsigns_dataset\square\continue\01068_00000.png,square,0,3
114,2156,./trafficsigns_dataset\square\continue\01068_00001.png,square,0,3
115,2157,./trafficsigns_dataset\square\continue\01068_00002.png,square,0,3
116,2158,./trafficsigns_dataset\square\continue\01091_00000.png,square,0,3
117,2159,./trafficsigns_dataset\square\continue\01091_00001.png,square,0,3
118,2160,./trafficsigns_dataset\square\continue\01091_00002.png,square,0,3
119,2161,./trafficsigns_dataset\square\continue\01120_00000.png,square,0,3
120,2162,./trafficsigns_dataset\square\continue\01120_00001.png,square,0,3
121,2163,./trafficsigns_dataset\square\continue\01120_00002.png,square,0,3
122,2164,./trafficsigns_dataset\square\continue\01136_00000.png,square,0,3
123,2165,./trafficsigns_dataset\square\continue\01136_00001.png,square,0,3
124,2166,./trafficsigns_dataset\square\continue\01136_00002.png,square,0,3
125,2167,./trafficsigns_dataset\square\continue\01147_00000.png,square,0,3
126,2168,./trafficsigns_dataset\square\continue\01147_00001.png,square,0,3
127,2169,./trafficsigns_dataset\square\continue\01147_00002.png,square,0,3
128,2170,./trafficsigns_dataset\square\continue\01154_00000.png,square,0,3
129,2171,./trafficsigns_dataset\square\continue\01154_00001.png,square,0,3
130,2172,./trafficsigns_dataset\square\continue\01154_00002.png,square,0,3
131,2173,./trafficsigns_dataset\square\continue\01167_00000.png,square,0,3
132,2174,./trafficsigns_dataset\square\continue\01167_00001.png,square,0,3
133,2175,./trafficsigns_dataset\square\continue\01167_00002.png,square,0,3
134,2176,./trafficsigns_dataset\square\continue\01172_00000.png,square,0,3
135,2177,./trafficsigns_dataset\square\continue\01172_00001.png,square,0,3
136,2178,./trafficsigns_dataset\square\continue\01182_00000.png,square,0,3
137,2179,./trafficsigns_dataset\square\continue\01182_00001.png,square,0,3
138,2180,./trafficsigns_dataset\square\continue\01182_00002.png,square,0,3
139,2181,./trafficsigns_dataset\square\continue\01280_00000.png,square,0,3
140,2182,./trafficsigns_dataset\square\continue\01280_00001.png,square,0,3
141,2183,./trafficsigns_dataset\square\continue\01280_00002.png,square,0,3
142,2184,./trafficsigns_dataset\square\continue\01289_00000.png,square,0,3
143,2185,./trafficsigns_dataset\square\continue\01289_00001.png,square,0,3
144,2186,./trafficsigns_dataset\square\continue\01289_00002.png,square,0,3
145,2187,./trafficsigns_dataset\square\continue\01290_00000.png,square,0,3
146,2188,./trafficsigns_dataset\square\continue\01290_00001.png,square,0,3
147,2189,./trafficsigns_dataset\square\continue\01290_00002.png,square,0,3
148,2190,./trafficsigns_dataset\square\continue\01300_00000.png,square,0,3
149,2191,./trafficsigns_dataset\square\continue\01300_00001.png,square,0,3
150,2192,./trafficsigns_dataset\square\continue\01300_00002.png,square,0,3
151,2193,./trafficsigns_dataset\square\continue\01400_00000.png,square,0,3
152,2194,./trafficsigns_dataset\square\continue\01400_00001.png,square,0,3
153,2195,./trafficsigns_dataset\square\continue\01400_00002.png,square,0,3
154,2196,./trafficsigns_dataset\square\continue\01438_00000.png,square,0,3
155,2197,./trafficsigns_dataset\square\continue\01438_00001.png,square,0,3
156,2198,./trafficsigns_dataset\square\continue\01438_00002.png,square,0,3
157,2199,./trafficsigns_dataset\square\continue\01439_00000.png,square,0,3
158,2200,./trafficsigns_dataset\square\continue\01439_00001.png,square,0,3
159,2201,./trafficsigns_dataset\square\continue\01439_00002.png,square,0,3
160,2202,./trafficsigns_dataset\square\continue\01463_00000.png,square,0,3
161,2203,./trafficsigns_dataset\square\continue\01463_00001.png,square,0,3
162,2204,./trafficsigns_dataset\square\continue\01463_00002.png,square,0,3
163,2205,./trafficsigns_dataset\square\continue\01477_00000.png,square,0,3
164,2206,./trafficsigns_dataset\square\continue\01477_00001.png,square,0,3
165,2207,./trafficsigns_dataset\square\continue\01477_00002.png,square,0,3
166,2208,./trafficsigns_dataset\square\continue\01482_00000.png,square,0,3
167,2209,./trafficsigns_dataset\square\continue\01482_00001.png,square,0,3
168,2210,./trafficsigns_dataset\square\continue\01482_00002.png,square,0,3
169,2211,./trafficsigns_dataset\square\continue\01492_00000.png,square,0,3
170,2212,./trafficsigns_dataset\square\continue\01492_00001.png,square,0,3
171,2213,./trafficsigns_dataset\square\continue\01492_00002.png,square,0,3
172,2214,./trafficsigns_dataset\square\continue\01499_00000.png,square,0,3
173,2215,./trafficsigns_dataset\square\continue\01499_00001.png,square,0,3
174,2216,./trafficsigns_dataset\square\continue\01499_00002.png,square,0,3
175,2217,./trafficsigns_dataset\square\continue\01551_00000.png,square,0,3
176,2218,./trafficsigns_dataset\square\continue\01551_00001.png,square,0,3
177,2219,./trafficsigns_dataset\square\continue\01551_00002.png,square,0,3
178,2220,./trafficsigns_dataset\square\continue\01553_00000.png,square,0,3
179,2221,./trafficsigns_dataset\square\continue\01553_00001.png,square,0,3
180,2222,./trafficsigns_dataset\square\continue\01553_00002.png,square,0,3
181,2223,./trafficsigns_dataset\square\continue\01554_00000.png,square,0,3
182,2224,./trafficsigns_dataset\square\continue\01554_00001.png,square,0,3
183,2225,./trafficsigns_dataset\square\continue\01554_00002.png,square,0,3
184,2226,./trafficsigns_dataset\square\continue\01559_00000.png,square,0,3
185,2227,./trafficsigns_dataset\square\continue\01559_00001.png,square,0,3
186,2228,./trafficsigns_dataset\square\continue\01559_00002.png,square,0,3
187,2229,./trafficsigns_dataset\square\continue\01577_00000.png,square,0,3
188,2230,./trafficsigns_dataset\square\continue\01577_00001.png,square,0,3
189,2231,./trafficsigns_dataset\square\continue\01577_00002.png,square,0,3
190,2232,./trafficsigns_dataset\square\continue\01621_00000.png,square,0,3
191,2233,./trafficsigns_dataset\square\continue\01621_00001.png,square,0,3
192,2234,./trafficsigns_dataset\square\continue\01621_00002.png,square,0,3
193,2235,./trafficsigns_dataset\square\continue\01623_00000.png,square,0,3
194,2236,./trafficsigns_dataset\square\continue\01623_00001.png,square,0,3
195,2237,./trafficsigns_dataset\square\continue\01623_00002.png,square,0,3
196,2238,./trafficsigns_dataset\square\continue\01625_00000.png,square,0,3
197,2239,./trafficsigns_dataset\square\continue\01625_00001.png,square,0,3
198,2240,./trafficsigns_dataset\square\continue\01625_00002.png,square,0,3
199,2241,./trafficsigns_dataset\square\continue\01634_00000.png,square,0,3
200,2242,./trafficsigns_dataset\square\continue\01634_00001.png,square,0,3
201,2243,./trafficsigns_dataset\square\continue\01635_00000.png,square,0,3
202,2244,./trafficsigns_dataset\square\continue\01635_00001.png,square,0,3
203,2245,./trafficsigns_dataset\square\continue\01635_00002.png,square,0,3
204,2246,./trafficsigns_dataset\square\continue\01641_00000.png,square,0,3
205,2247,./trafficsigns_dataset\square\continue\01641_00001.png,square,0,3
206,2248,./trafficsigns_dataset\square\continue\01641_00002.png,square,0,3
207,2249,./trafficsigns_dataset\square\continue\01649_00000.png,square,0,3
208,2250,./trafficsigns_dataset\square\continue\01649_00001.png,square,0,3
209,2251,./trafficsigns_dataset\square\continue\01658_00000.png,square,0,3
210,2252,./trafficsigns_dataset\square\continue\01658_00001.png,square,0,3
211,2253,./trafficsigns_dataset\square\continue\01658_00002.png,square,0,3
212,2254,./trafficsigns_dataset\square\continue\01659_00000.png,square,0,3
213,2255,./trafficsigns_dataset\square\continue\01659_00001.png,square,0,3
214,2256,./trafficsigns_dataset\square\continue\01659_00002.png,square,0,3
215,2257,./trafficsigns_dataset\square\continue\01664_00000.png,square,0,3
216,2258,./trafficsigns_dataset\square\continue\01669_00000.png,square,0,3
217,2259,./trafficsigns_dataset\square\continue\01669_00001.png,square,0,3
218,2260,./trafficsigns_dataset\square\continue\01669_00002.png,square,0,3
219,2261,./trafficsigns_dataset\square\continue\01674_00000.png,square,0,3
220,2262,./trafficsigns_dataset\square\continue\01674_00001.png,square,0,3
221,2263,./trafficsigns_dataset\square\continue\01674_00002.png,square,0,3
222,2264,./trafficsigns_dataset\square\continue\01680_00000.png,square,0,3
223,2265,./trafficsigns_dataset\square\continue\01680_00001.png,square,0,3
224,2266,./trafficsigns_dataset\square\continue\01680_00002.png,square,0,3
225,2267,./trafficsigns_dataset\square\continue\01686_00000.png,square,0,3
226,2268,./trafficsigns_dataset\square\continue\01686_00001.png,square,0,3
227,2269,./trafficsigns_dataset\square\continue\01688_00000.png,square,0,3
228,2270,./trafficsigns_dataset\square\continue\01688_00001.png,square,0,3
229,2271,./trafficsigns_dataset\square\continue\01688_00002.png,square,0,3
230,2272,./trafficsigns_dataset\square\continue\01705_00000.png,square,0,3
231,2273,./trafficsigns_dataset\square\continue\01705_00001.png,square,0,3
232,2274,./trafficsigns_dataset\square\continue\01705_00002.png,square,0,3
233,2275,./trafficsigns_dataset\square\continue\01707_00000.png,square,0,3
234,2276,./trafficsigns_dataset\square\continue\01707_00001.png,square,0,3
235,2277,./trafficsigns_dataset\square\continue\01707_00002.png,square,0,3
236,2278,./trafficsigns_dataset\square\continue\01789_00000.png,square,0,3
237,2279,./trafficsigns_dataset\square\continue\01789_00001.png,square,0,3
238,2280,./trafficsigns_dataset\square\continue\01789_00002.png,square,0,3
239,2281,./trafficsigns_dataset\square\continue\01793_00000.png,square,0,3
240,2282,./trafficsigns_dataset\square\continue\01793_00001.png,square,0,3
241,2283,./trafficsigns_dataset\square\continue\01793_00002.png,square,0,3
242,2284,./trafficsigns_dataset\square\crossing\00140_00000.png,square,0,3
243,2285,./trafficsigns_dataset\square\crossing\00140_00001.png,square,0,3
244,2286,./trafficsigns_dataset\square\crossing\00140_00002.png,square,0,3
245,2287,./trafficsigns_dataset\square\crossing\00151_00000.png,square,0,3
246,2288,./trafficsigns_dataset\square\crossing\00151_00001.png,square,0,3
247,2289,./trafficsigns_dataset\square\crossing\00151_00002.png,square,0,3
248,2290,./trafficsigns_dataset\square\crossing\00180_00000.png,square,0,3
249,2291,./trafficsigns_dataset\square\crossing\00180_00001.png,square,0,3
250,2292,./trafficsigns_dataset\square\crossing\00180_00002.png,square,0,3
251,2293,./trafficsigns_dataset\square\crossing\00183_00000.png,square,0,3
252,2294,./trafficsigns_dataset\square\crossing\00183_00001.png,square,0,3
253,2295,./trafficsigns_dataset\square\crossing\00183_00002.png,square,0,3
254,2296,./trafficsigns_dataset\square\crossing\00256_00000.png,square,0,3
255,2297,./trafficsigns_dataset\square\crossing\00256_00001.png,square,0,3
256,2298,./trafficsigns_dataset\square\crossing\00256_00002.png,square,0,3
257,2299,./trafficsigns_dataset\square\crossing\00296_00000.png,square,0,3
258,2300,./trafficsigns_dataset\square\crossing\00296_00001.png,square,0,3
259,2301,./trafficsigns_dataset\square\crossing\00296_00002.png,square,0,3
260,2302,./trafficsigns_dataset\square\crossing\00297_00000.png,square,0,3
261,2303,./trafficsigns_dataset\square\crossing\00297_00001.png,square,0,3
262,2304,./trafficsigns_dataset\square\crossing\00297_00002.png,square,0,3
263,2305,./trafficsigns_dataset\square\crossing\00303_00000.png,square,0,3
264,2306,./trafficsigns_dataset\square\crossing\00303_00001.png,square,0,3
265,2307,./trafficsigns_dataset\square\crossing\00303_00002.png,square,0,3
266,2308,./trafficsigns_dataset\square\crossing\00661_00000.png,square,0,3
267,2309,./trafficsigns_dataset\square\crossing\00661_00001.png,square,0,3
268,2310,./trafficsigns_dataset\square\crossing\00661_00002.png,square,0,3
269,2311,./trafficsigns_dataset\square\crossing\00664_00000.png,square,0,3
270,2312,./trafficsigns_dataset\square\crossing\00664_00001.png,square,0,3
271,2313,./trafficsigns_dataset\square\crossing\00664_00002.png,square,0,3
272,2314,./trafficsigns_dataset\square\crossing\00670_00000.png,square,0,3
273,2315,./trafficsigns_dataset\square\crossing\00670_00001.png,square,0,3
274,2316,./trafficsigns_dataset\square\crossing\00771_00000.png,square,0,3
275,2317,./trafficsigns_dataset\square\crossing\00771_00001.png,square,0,3
276,2318,./trafficsigns_dataset\square\crossing\00771_00002.png,square,0,3
277,2319,./trafficsigns_dataset\square\crossing\00784_00000.png,square,0,3
278,2320,./trafficsigns_dataset\square\crossing\00784_00001.png,square,0,3
279,2321,./trafficsigns_dataset\square\crossing\00784_00002.png,square,0,3
280,2322,./trafficsigns_dataset\square\crossing\00788_00000.png,square,0,3
281,2323,./trafficsigns_dataset\square\crossing\00788_00001.png,square,0,3
282,2324,./trafficsigns_dataset\square\crossing\00788_00002.png,square,0,3
283,2325,./trafficsigns_dataset\square\crossing\00790_00000.png,square,0,3
284,2326,./trafficsigns_dataset\square\crossing\00790_00001.png,square,0,3
285,2327,./trafficsigns_dataset\square\crossing\00790_00002.png,square,0,3
286,2328,./trafficsigns_dataset\square\crossing\00791_00000.png,square,0,3
287,2329,./trafficsigns_dataset\square\crossing\00791_00001.png,square,0,3
288,2330,./trafficsigns_dataset\square\crossing\00791_00002.png,square,0,3
289,2331,./trafficsigns_dataset\square\crossing\00792_00000.png,square,0,3
290,2332,./trafficsigns_dataset\square\crossing\00792_00001.png,square,0,3
291,2333,./trafficsigns_dataset\square\crossing\00792_00002.png,square,0,3
292,2334,./trafficsigns_dataset\square\crossing\00890_00000.png,square,0,3
293,2335,./trafficsigns_dataset\square\crossing\00890_00001.png,square,0,3
294,2336,./trafficsigns_dataset\square\crossing\00890_00002.png,square,0,3
295,2337,./trafficsigns_dataset\square\crossing\01198_00000.png,square,0,3
296,2338,./trafficsigns_dataset\square\crossing\01198_00001.png,square,0,3
297,2339,./trafficsigns_dataset\square\crossing\01198_00002.png,square,0,3
298,2340,./trafficsigns_dataset\square\crossing\01199_00000.png,square,0,3
299,2341,./trafficsigns_dataset\square\crossing\01199_00001.png,square,0,3
300,2342,./trafficsigns_dataset\square\crossing\01199_00002.png,square,0,3
301,2343,./trafficsigns_dataset\square\crossing\01199_00003.png,square,0,3
302,2344,./trafficsigns_dataset\square\crossing\01199_00004.png,square,0,3
303,2345,./trafficsigns_dataset\square\crossing\01199_00005.png,square,0,3
304,2346,./trafficsigns_dataset\square\crossing\01200_00000.png,square,0,3
305,2347,./trafficsigns_dataset\square\crossing\01200_00001.png,square,0,3
306,2348,./trafficsigns_dataset\square\crossing\01200_00002.png,square,0,3
307,2349,./trafficsigns_dataset\square\crossing\01402_00000.png,square,0,3
308,2350,./trafficsigns_dataset\square\crossing\01402_00001.png,square,0,3
309,2351,./trafficsigns_dataset\square\crossing\01402_00002.png,square,0,3
310,2352,./trafficsigns_dataset\square\crossing\01409_00000.png,square,0,3
311,2353,./trafficsigns_dataset\square\crossing\01409_00001.png,square,0,3
312,2354,./trafficsigns_dataset\square\crossing\01409_00002.png,square,0,3
313,2355,./trafficsigns_dataset\square\crossing\01419_00000.png,square,0,3
314,2356,./trafficsigns_dataset\square\crossing\01419_00001.png,square,0,3
315,2357,./trafficsigns_dataset\square\crossing\01419_00002.png,square,0,3
316,2358,./trafficsigns_dataset\square\crossing\01428_00000.png,square,0,3
317,2359,./trafficsigns_dataset\square\crossing\01428_00001.png,square,0,3
318,2360,./trafficsigns_dataset\square\crossing\01428_00002.png,square,0,3
319,2361,./trafficsigns_dataset\square\crossing\01429_00000.png,square,0,3
320,2362,./trafficsigns_dataset\square\crossing\01429_00001.png,square,0,3
321,2363,./trafficsigns_dataset\square\crossing\01429_00002.png,square,0,3
322,2364,./trafficsigns_dataset\square\crossing\01430_00000.png,square,0,3
323,2365,./trafficsigns_dataset\square\crossing\01430_00001.png,square,0,3
324,2366,./trafficsigns_dataset\square\crossing\01430_00002.png,square,0,3
325,2367,./trafficsigns_dataset\square\crossing\01783_00000.png,square,0,3
326,2368,./trafficsigns_dataset\square\crossing\01783_00001.png,square,0,3
327,2369,./trafficsigns_dataset\square\crossing\01783_00002.png,square,0,3
328,2370,./trafficsigns_dataset\square\crossing\01784_00000.png,square,0,3
329,2371,./trafficsigns_dataset\square\crossing\01784_00001.png,square,0,3
330,2372,./trafficsigns_dataset\square\crossing\01784_00002.png,square,0,3
331,2373,./trafficsigns_dataset\square\crossing\01881_00000.png,square,0,3
332,2374,./trafficsigns_dataset\square\crossing\01881_00001.png,square,0,3
333,2375,./trafficsigns_dataset\square\crossing\01881_00002.png,square,0,3
334,2376,./trafficsigns_dataset\square\crossing\01887_00000.png,square,0,3
335,2377,./trafficsigns_dataset\square\crossing\01887_00001.png,square,0,3
336,2378,./trafficsigns_dataset\square\crossing\01887_00002.png,square,0,3
337,2379,./trafficsigns_dataset\square\laneend\00007_00000.png,square,0,3
338,2380,./trafficsigns_dataset\square\laneend\00007_00001.png,square,0,3
339,2381,./trafficsigns_dataset\square\laneend\00007_00002.png,square,0,3
340,2382,./trafficsigns_dataset\square\laneend\00134_00000.png,square,0,3
341,2383,./trafficsigns_dataset\square\laneend\00134_00001.png,square,0,3
342,2384,./trafficsigns_dataset\square\laneend\00134_00002.png,square,0,3
343,2385,./trafficsigns_dataset\square\laneend\00135_00000.png,square,0,3
344,2386,./trafficsigns_dataset\square\laneend\00135_00001.png,square,0,3
345,2387,./trafficsigns_dataset\square\laneend\00135_00002.png,square,0,3
346,2388,./trafficsigns_dataset\square\laneend\00144_00000.png,square,0,3
347,2389,./trafficsigns_dataset\square\laneend\00144_00001.png,square,0,3
348,2390,./trafficsigns_dataset\square\laneend\00144_00002.png,square,0,3
349,2391,./trafficsigns_dataset\square\laneend\00154_00000.png,square,0,3
350,2392,./trafficsigns_dataset\square\laneend\00154_00001.png,square,0,3
351,2393,./trafficsigns_dataset\square\laneend\00154_00002.png,square,0,3
352,2394,./trafficsigns_dataset\square\laneend\00162_00000.png,square,0,3
353,2395,./trafficsigns_dataset\square\laneend\00162_00001.png,square,0,3
354,2396,./trafficsigns_dataset\square\laneend\00162_00002.png,square,0,3
355,2397,./trafficsigns_dataset\square\laneend\00165_00000.png,square,0,3
356,2398,./trafficsigns_dataset\square\laneend\00165_00001.png,square,0,3
357,2399,./trafficsigns_dataset\square\laneend\00165_00002.png,square,0,3
358,2400,./trafficsigns_dataset\square\laneend\00166_00000.png,square,0,3
359,2401,./trafficsigns_dataset\square\laneend\00166_00001.png,square,0,3
360,2402,./trafficsigns_dataset\square\laneend\00166_00002.png,square,0,3
361,2403,./trafficsigns_dataset\square\laneend\00402_00000.png,square,0,3
362,2404,./trafficsigns_dataset\square\laneend\00402_00001.png,square,0,3
363,2405,./trafficsigns_dataset\square\laneend\00402_00002.png,square,0,3
364,2406,./trafficsigns_dataset\square\laneend\00417_00000.png,square,0,3
365,2407,./trafficsigns_dataset\square\laneend\00417_00001.png,square,0,3
366,2408,./trafficsigns_dataset\square\laneend\00417_00002.png,square,0,3
367,2409,./trafficsigns_dataset\square\laneend\00437_00000.png,square,0,3
368,2410,./trafficsigns_dataset\square\laneend\00437_00001.png,square,0,3
369,2411,./trafficsigns_dataset\square\laneend\00437_00002.png,square,0,3
370,2412,./trafficsigns_dataset\square\laneend\00447_00000.png,square,0,3
371,2413,./trafficsigns_dataset\square\laneend\00447_00001.png,square,0,3
372,2414,./trafficsigns_dataset\square\laneend\00447_00002.png,square,0,3
373,2415,./trafficsigns_dataset\square\laneend\00449_00000.png,square,0,3
374,2416,./trafficsigns_dataset\square\laneend\00449_00001.png,square,0,3
375,2417,./trafficsigns_dataset\square\laneend\00449_00002.png,square,0,3
376,2418,./trafficsigns_dataset\square\laneend\00456_00000.png,square,0,3
377,2419,./trafficsigns_dataset\square\laneend\00456_00001.png,square,0,3
378,2420,./trafficsigns_dataset\square\laneend\00456_00002.png,square,0,3
379,2421,./trafficsigns_dataset\square\laneend\00471_00000.png,square,0,3
380,2422,./trafficsigns_dataset\square\laneend\00471_00001.png,square,0,3
381,2423,./trafficsigns_dataset\square\laneend\00471_00002.png,square,0,3
382,2424,./trafficsigns_dataset\square\laneend\00474_00000.png,square,0,3
383,2425,./trafficsigns_dataset\square\laneend\00474_00001.png,square,0,3
384,2426,./trafficsigns_dataset\square\laneend\00474_00002.png,square,0,3
385,2427,./trafficsigns_dataset\square\laneend\00484_00000.png,square,0,3
386,2428,./trafficsigns_dataset\square\laneend\00484_00001.png,square,0,3
387,2429,./trafficsigns_dataset\square\laneend\00484_00002.png,square,0,3
388,2430,./trafficsigns_dataset\square\laneend\00489_00000.png,square,0,3
389,2431,./trafficsigns_dataset\square\laneend\00489_00001.png,square,0,3
390,2432,./trafficsigns_dataset\square\laneend\00489_00002.png,square,0,3
391,2433,./trafficsigns_dataset\square\laneend\00593_00000.png,square,0,3
392,2434,./trafficsigns_dataset\square\laneend\00593_00001.png,square,0,3
393,2435,./trafficsigns_dataset\square\laneend\00593_00002.png,square,0,3
394,2436,./trafficsigns_dataset\square\laneend\00607_00000.png,square,0,3
395,2437,./trafficsigns_dataset\square\laneend\00607_00001.png,square,0,3
396,2438,./trafficsigns_dataset\square\laneend\00607_00002.png,square,0,3
397,2439,./trafficsigns_dataset\square\laneend\00624_00000.png,square,0,3
398,2440,./trafficsigns_dataset\square\laneend\00624_00001.png,square,0,3
399,2441,./trafficsigns_dataset\square\laneend\00728_00000.png,square,0,3
400,2442,./trafficsigns_dataset\square\laneend\00728_00001.png,square,0,3
401,2443,./trafficsigns_dataset\square\laneend\00728_00002.png,square,0,3
402,2444,./trafficsigns_dataset\square\laneend\00766_00000.png,square,0,3
403,2445,./trafficsigns_dataset\square\laneend\00766_00001.png,square,0,3
404,2446,./trafficsigns_dataset\square\laneend\00766_00002.png,square,0,3
405,2447,./trafficsigns_dataset\square\laneend\00768_00000.png,square,0,3
406,2448,./trafficsigns_dataset\square\laneend\00768_00001.png,square,0,3
407,2449,./trafficsigns_dataset\square\laneend\00768_00002.png,square,0,3
408,2450,./trafficsigns_dataset\square\laneend\01024_00000.png,square,0,3
409,2451,./trafficsigns_dataset\square\laneend\01024_00001.png,square,0,3
410,2452,./trafficsigns_dataset\square\laneend\01024_00002.png,square,0,3
411,2453,./trafficsigns_dataset\square\laneend\01123_00000.png,square,0,3
412,2454,./trafficsigns_dataset\square\laneend\01123_00001.png,square,0,3
413,2455,./trafficsigns_dataset\square\laneend\01123_00002.png,square,0,3
414,2456,./trafficsigns_dataset\square\laneend\01126_00000.png,square,0,3
415,2457,./trafficsigns_dataset\square\laneend\01126_00001.png,square,0,3
416,2458,./trafficsigns_dataset\square\laneend\01126_00002.png,square,0,3
417,2459,./trafficsigns_dataset\square\laneend\01353_00000.png,square,0,3
418,2460,./trafficsigns_dataset\square\laneend\01353_00001.png,square,0,3
419,2461,./trafficsigns_dataset\square\laneend\01353_00002.png,square,0,3
420,2462,./trafficsigns_dataset\square\laneend\01415_00000.png,square,0,3
421,2463,./trafficsigns_dataset\square\laneend\01415_00001.png,square,0,3
422,2464,./trafficsigns_dataset\square\laneend\01415_00002.png,square,0,3
423,2465,./trafficsigns_dataset\square\laneend\01467_00000.png,square,0,3
424,2466,./trafficsigns_dataset\square\laneend\01467_00001.png,square,0,3
425,2467,./trafficsigns_dataset\square\laneend\01467_00002.png,square,0,3
426,2468,./trafficsigns_dataset\square\laneend\01472_00000.png,square,0,3
427,2469,./trafficsigns_dataset\square\laneend\01472_00001.png,square,0,3
428,2470,./trafficsigns_dataset\square\laneend\01472_00002.png,square,0,3
429,2471,./trafficsigns_dataset\square\laneend\01497_00000.png,square,0,3
430,2472,./trafficsigns_dataset\square\laneend\01497_00001.png,square,0,3
431,2473,./trafficsigns_dataset\square\laneend\01497_00002.png,square,0,3
432,2474,./trafficsigns_dataset\square\laneend\01624_00000.png,square,0,3
433,2475,./trafficsigns_dataset\square\laneend\01624_00001.png,square,0,3
434,2476,./trafficsigns_dataset\square\laneend\01624_00002.png,square,0,3
435,2477,./trafficsigns_dataset\square\laneend\01750_00000.png,square,0,3
436,2478,./trafficsigns_dataset\square\laneend\01750_00001.png,square,0,3
437,2479,./trafficsigns_dataset\square\laneend\01750_00002.png,square,0,3
438,2480,./trafficsigns_dataset\square\laneend\01757_00000.png,square,0,3
439,2481,./trafficsigns_dataset\square\laneend\01757_00001.png,square,0,3
440,2482,./trafficsigns_dataset\square\laneend\01757_00002.png,square,0,3
441,2483,./trafficsigns_dataset\square\laneend\01760_00000.png,square,0,3
442,2484,./trafficsigns_dataset\square\laneend\01760_00001.png,square,0,3
443,2485,./trafficsigns_dataset\square\laneend\01792_00000.png,square,0,3
444,2486,./trafficsigns_dataset\square\laneend\01792_00001.png,square,0,3
445,2487,./trafficsigns_dataset\square\laneend\01792_00002.png,square,0,3
446,2488,./trafficsigns_dataset\square\laneend\01898_00000.png,square,0,3
447,2489,./trafficsigns_dataset\square\laneend\01898_00001.png,square,0,3
448,2490,./trafficsigns_dataset\square\laneend\01898_00002.png,square,0,3
449,2491,./trafficsigns_dataset\square\laneend\01937_00000.png,square,0,3
450,2492,./trafficsigns_dataset\square\laneend\01937_00001.png,square,0,3
451,2493,./trafficsigns_dataset\square\laneend\01937_00002.png,square,0,3
452,2494,./trafficsigns_dataset\square\laneend\01944_00000.png,square,0,3
453,2495,./trafficsigns_dataset\square\laneend\01944_00001.png,square,0,3
454,2496,./trafficsigns_dataset\square\laneend\01944_00002.png,square,0,3
455,2497,./trafficsigns_dataset\square\parking\00010_00000.png,square,0,3
456,2498,./trafficsigns_dataset\square\parking\00010_00001.png,square,0,3
457,2499,./trafficsigns_dataset\square\parking\00010_00002.png,square,0,3
458,2500,./trafficsigns_dataset\square\parking\00011_00000.png,square,0,3
459,2501,./trafficsigns_dataset\square\parking\00011_00001.png,square,0,3
460,2502,./trafficsigns_dataset\square\parking\00011_00002.png,square,0,3
461,2503,./trafficsigns_dataset\square\parking\00012_00000.png,square,0,3
462,2504,./trafficsigns_dataset\square\parking\00012_00001.png,square,0,3
463,2505,./trafficsigns_dataset\square\parking\00012_00002.png,square,0,3
464,2506,./trafficsigns_dataset\square\parking\00033_00000.png,square,0,3
465,2507,./trafficsigns_dataset\square\parking\00033_00001.png,square,0,3
466,2508,./trafficsigns_dataset\square\parking\00033_00002.png,square,0,3
467,2509,./trafficsigns_dataset\square\parking\00035_00000.png,square,0,3
468,2510,./trafficsigns_dataset\square\parking\00035_00001.png,square,0,3
469,2511,./trafficsigns_dataset\square\parking\00035_00002.png,square,0,3
470,2512,./trafficsigns_dataset\square\parking\00036_00000.png,square,0,3
471,2513,./trafficsigns_dataset\square\parking\00036_00001.png,square,0,3
472,2514,./trafficsigns_dataset\square\parking\00036_00002.png,square,0,3
473,2515,./trafficsigns_dataset\square\parking\00041_00000.png,square,0,3
474,2516,./trafficsigns_dataset\square\parking\00041_00001.png,square,0,3
475,2517,./trafficsigns_dataset\square\parking\00041_00002.png,square,0,3
476,2518,./trafficsigns_dataset\square\parking\00043_00000.png,square,0,3
477,2519,./trafficsigns_dataset\square\parking\00043_00001.png,square,0,3
478,2520,./trafficsigns_dataset\square\parking\00043_00002.png,square,0,3
479,2521,./trafficsigns_dataset\square\parking\00054_00000.png,square,0,3
480,2522,./trafficsigns_dataset\square\parking\00054_00001.png,square,0,3
481,2523,./trafficsigns_dataset\square\parking\00054_00002.png,square,0,3
482,2524,./trafficsigns_dataset\square\parking\00062_00000.png,square,0,3
483,2525,./trafficsigns_dataset\square\parking\00062_00001.png,square,0,3
484,2526,./trafficsigns_dataset\square\parking\00062_00002.png,square,0,3
485,2527,./trafficsigns_dataset\square\parking\00080_00000.png,square,0,3
486,2528,./trafficsigns_dataset\square\parking\00080_00001.png,square,0,3
487,2529,./trafficsigns_dataset\square\parking\00080_00002.png,square,0,3
488,2530,./trafficsigns_dataset\square\parking\00083_00000.png,square,0,3
489,2531,./trafficsigns_dataset\square\parking\00083_00001.png,square,0,3
490,2532,./trafficsigns_dataset\square\parking\00083_00002.png,square,0,3
491,2533,./trafficsigns_dataset\square\parking\00090_00000.png,square,0,3
492,2534,./trafficsigns_dataset\square\parking\00090_00001.png,square,0,3
493,2535,./trafficsigns_dataset\square\parking\00090_00002.png,square,0,3
494,2536,./trafficsigns_dataset\square\parking\00091_00000.png,square,0,3
495,2537,./trafficsigns_dataset\square\parking\00091_00001.png,square,0,3
496,2538,./trafficsigns_dataset\square\parking\00091_00002.png,square,0,3
497,2539,./trafficsigns_dataset\square\parking\00106_00000.png,square,0,3
498,2540,./trafficsigns_dataset\square\parking\00106_00001.png,square,0,3
499,2541,./trafficsigns_dataset\square\parking\00106_00002.png,square,0,3
500,2542,./trafficsigns_dataset\square\parking\00108_00000.png,square,0,3
501,2543,./trafficsigns_dataset\square\parking\00108_00001.png,square,0,3
502,2544,./trafficsigns_dataset\square\parking\00113_00000.png,square,0,3
503,2545,./trafficsigns_dataset\square\parking\00113_00001.png,square,0,3
504,2546,./trafficsigns_dataset\square\parking\00113_00002.png,square,0,3
505,2547,./trafficsigns_dataset\square\parking\00115_00000.png,square,0,3
506,2548,./trafficsigns_dataset\square\parking\00115_00001.png,square,0,3
507,2549,./trafficsigns_dataset\square\parking\00115_00002.png,square,0,3
508,2550,./trafficsigns_dataset\square\parking\00128_00000.png,square,0,3
509,2551,./trafficsigns_dataset\square\parking\00128_00001.png,square,0,3
510,2552,./trafficsigns_dataset\square\parking\00128_00002.png,square,0,3
511,2553,./trafficsigns_dataset\square\parking\00129_00000.png,square,0,3
512,2554,./trafficsigns_dataset\square\parking\00129_00001.png,square,0,3
513,2555,./trafficsigns_dataset\square\parking\00129_00002.png,square,0,3
514,2556,./trafficsigns_dataset\square\parking\00175_00000.png,square,0,3
515,2557,./trafficsigns_dataset\square\parking\00175_00001.png,square,0,3
516,2558,./trafficsigns_dataset\square\parking\00175_00002.png,square,0,3
517,2559,./trafficsigns_dataset\square\parking\00177_00000.png,square,0,3
518,2560,./trafficsigns_dataset\square\parking\00177_00001.png,square,0,3
519,2561,./trafficsigns_dataset\square\parking\00177_00002.png,square,0,3
520,2562,./trafficsigns_dataset\square\parking\00185_00000.png,square,0,3
521,2563,./trafficsigns_dataset\square\parking\00185_00001.png,square,0,3
522,2564,./trafficsigns_dataset\square\parking\00185_00002.png,square,0,3
523,2565,./trafficsigns_dataset\square\parking\00290_00000.png,square,0,3
524,2566,./trafficsigns_dataset\square\parking\00290_00001.png,square,0,3
525,2567,./trafficsigns_dataset\square\parking\00318_00000.png,square,0,3
526,2568,./trafficsigns_dataset\square\parking\00318_00001.png,square,0,3
527,2569,./trafficsigns_dataset\square\parking\00318_00002.png,square,0,3
528,2570,./trafficsigns_dataset\square\parking\00321_00000.png,square,0,3
529,2571,./trafficsigns_dataset\square\parking\00321_00001.png,square,0,3
530,2572,./trafficsigns_dataset\square\parking\00321_00002.png,square,0,3
531,2573,./trafficsigns_dataset\square\parking\00450_00000.png,square,0,3
532,2574,./trafficsigns_dataset\square\parking\00450_00001.png,square,0,3
533,2575,./trafficsigns_dataset\square\parking\00450_00002.png,square,0,3
534,2576,./trafficsigns_dataset\square\parking\00451_00000.png,square,0,3
535,2577,./trafficsigns_dataset\square\parking\00451_00001.png,square,0,3
536,2578,./trafficsigns_dataset\square\parking\00451_00002.png,square,0,3
537,2579,./trafficsigns_dataset\square\parking\00457_00000.png,square,0,3
538,2580,./trafficsigns_dataset\square\parking\00457_00001.png,square,0,3
539,2581,./trafficsigns_dataset\square\parking\00457_00002.png,square,0,3
540,2582,./trafficsigns_dataset\square\parking\00458_00000.png,square,0,3
541,2583,./trafficsigns_dataset\square\parking\00458_00001.png,square,0,3
542,2584,./trafficsigns_dataset\square\parking\00458_00002.png,square,0,3
543,2585,./trafficsigns_dataset\square\parking\00477_00000.png,square,0,3
544,2586,./trafficsigns_dataset\square\parking\00477_00001.png,square,0,3
545,2587,./trafficsigns_dataset\square\parking\00477_00002.png,square,0,3
546,2588,./trafficsigns_dataset\square\parking\00482_00000.png,square,0,3
547,2589,./trafficsigns_dataset\square\parking\00482_00001.png,square,0,3
548,2590,./trafficsigns_dataset\square\parking\00482_00002.png,square,0,3
549,2591,./trafficsigns_dataset\square\parking\00485_00000.png,square,0,3
550,2592,./trafficsigns_dataset\square\parking\00485_00001.png,square,0,3
551,2593,./trafficsigns_dataset\square\parking\00485_00002.png,square,0,3
552,2594,./trafficsigns_dataset\square\parking\00486_00000.png,square,0,3
553,2595,./trafficsigns_dataset\square\parking\00486_00001.png,square,0,3
554,2596,./trafficsigns_dataset\square\parking\00486_00002.png,square,0,3
555,2597,./trafficsigns_dataset\square\parking\00487_00000.png,square,0,3
556,2598,./trafficsigns_dataset\square\parking\00487_00001.png,square,0,3
557,2599,./trafficsigns_dataset\square\parking\00487_00002.png,square,0,3
558,2600,./trafficsigns_dataset\square\parking\00491_00000.png,square,0,3
559,2601,./trafficsigns_dataset\square\parking\00491_00001.png,square,0,3
560,2602,./trafficsigns_dataset\square\parking\00491_00002.png,square,0,3
561,2603,./trafficsigns_dataset\square\parking\00492_00000.png,square,0,3
562,2604,./trafficsigns_dataset\square\parking\00492_00001.png,square,0,3
563,2605,./trafficsigns_dataset\square\parking\00492_00002.png,square,0,3
564,2606,./trafficsigns_dataset\square\parking\00493_00000.png,square,0,3
565,2607,./trafficsigns_dataset\square\parking\00493_00001.png,square,0,3
566,2608,./trafficsigns_dataset\square\parking\00493_00002.png,square,0,3
567,2609,./trafficsigns_dataset\square\parking\00495_00000.png,square,0,3
568,2610,./trafficsigns_dataset\square\parking\00495_00001.png,square,0,3
569,2611,./trafficsigns_dataset\square\parking\00495_00002.png,square,0,3
570,2612,./trafficsigns_dataset\square\parking\00496_00000.png,square,0,3
571,2613,./trafficsigns_dataset\square\parking\00496_00001.png,square,0,3
572,2614,./trafficsigns_dataset\square\parking\00496_00002.png,square,0,3
573,2615,./trafficsigns_dataset\square\parking\00498_00000.png,square,0,3
574,2616,./trafficsigns_dataset\square\parking\00498_00001.png,square,0,3
575,2617,./trafficsigns_dataset\square\parking\00498_00002.png,square,0,3
576,2618,./trafficsigns_dataset\square\parking\00615_00000.png,square,0,3
577,2619,./trafficsigns_dataset\square\parking\00615_00001.png,square,0,3
578,2620,./trafficsigns_dataset\square\parking\00615_00002.png,square,0,3
579,2621,./trafficsigns_dataset\square\parking\00704_00000.png,square,0,3
580,2622,./trafficsigns_dataset\square\parking\00704_00001.png,square,0,3
581,2623,./trafficsigns_dataset\square\parking\00704_00002.png,square,0,3
582,2624,./trafficsigns_dataset\square\parking\00803_00000.png,square,0,3
583,2625,./trafficsigns_dataset\square\parking\00803_00001.png,square,0,3
584,2626,./trafficsigns_dataset\square\parking\00803_00002.png,square,0,3
585,2627,./trafficsigns_dataset\square\parking\00804_00000.png,square,0,3
586,2628,./trafficsigns_dataset\square\parking\00804_00001.png,square,0,3
587,2629,./trafficsigns_dataset\square\parking\00804_00002.png,square,0,3
588,2630,./trafficsigns_dataset\square\parking\00814_00000.png,square,0,3
589,2631,./trafficsigns_dataset\square\parking\00814_00001.png,square,0,3
590,2632,./trafficsigns_dataset\square\parking\00814_00002.png,square,0,3
591,2633,./trafficsigns_dataset\square\parking\00815_00000.png,square,0,3
592,2634,./trafficsigns_dataset\square\parking\00815_00001.png,square,0,3
593,2635,./trafficsigns_dataset\square\parking\00815_00002.png,square,0,3
594,2636,./trafficsigns_dataset\square\parking\00827_00000.png,square,0,3
595,2637,./trafficsigns_dataset\square\parking\00827_00001.png,square,0,3
596,2638,./trafficsigns_dataset\square\parking\00827_00002.png,square,0,3
597,2639,./trafficsigns_dataset\square\parking\00828_00000.png,square,0,3
598,2640,./trafficsigns_dataset\square\parking\00828_00001.png,square,0,3
599,2641,./trafficsigns_dataset\square\parking\00828_00002.png,square,0,3
600,2642,./trafficsigns_dataset\square\parking\00833_00000.png,square,0,3
601,2643,./trafficsigns_dataset\square\parking\00833_00001.png,square,0,3
602,2644,./trafficsigns_dataset\square\parking\00833_00002.png,square,0,3
603,2645,./trafficsigns_dataset\square\parking\00850_00000.png,square,0,3
604,2646,./trafficsigns_dataset\square\parking\00850_00001.png,square,0,3
605,2647,./trafficsigns_dataset\square\parking\00850_00002.png,square,0,3
606,2648,./trafficsigns_dataset\square\parking\00851_00000.png,square,0,3
607,2649,./trafficsigns_dataset\square\parking\00995_00000.png,square,0,3
608,2650,./trafficsigns_dataset\square\parking\00995_00001.png,square,0,3
609,2651,./trafficsigns_dataset\square\parking\01021_00000.png,square,0,3
610,2652,./trafficsigns_dataset\square\parking\01021_00001.png,square,0,3
611,2653,./trafficsigns_dataset\square\parking\01021_00002.png,square,0,3
612,2654,./trafficsigns_dataset\square\parking\01022_00000.png,square,0,3
613,2655,./trafficsigns_dataset\square\parking\01022_00001.png,square,0,3
614,2656,./trafficsigns_dataset\square\parking\01116_00000.png,square,0,3
615,2657,./trafficsigns_dataset\square\parking\01116_00001.png,square,0,3
616,2658,./trafficsigns_dataset\square\parking\01116_00002.png,square,0,3
617,2659,./trafficsigns_dataset\square\parking\01187_00000.png,square,0,3
618,2660,./trafficsigns_dataset\square\parking\01187_00001.png,square,0,3
619,2661,./trafficsigns_dataset\square\parking\01187_00002.png,square,0,3
620,2662,./trafficsigns_dataset\square\parking\01192_00000.png,square,0,3
621,2663,./trafficsigns_dataset\square\parking\01192_00001.png,square,0,3
622,2664,./trafficsigns_dataset\square\parking\01193_00000.png,square,0,3
623,2665,./trafficsigns_dataset\square\parking\01193_00001.png,square,0,3
624,2666,./trafficsigns_dataset\square\parking\01193_00002.png,square,0,3
625,2667,./trafficsigns_dataset\square\parking\01193_00003.png,square,0,3
626,2668,./trafficsigns_dataset\square\parking\01284_00000.png,square,0,3
627,2669,./trafficsigns_dataset\square\parking\01284_00001.png,square,0,3
628,2670,./trafficsigns_dataset\square\parking\01284_00002.png,square,0,3
629,2671,./trafficsigns_dataset\square\parking\01307_00000.png,square,0,3
630,2672,./trafficsigns_dataset\square\parking\01307_00001.png,square,0,3
631,2673,./trafficsigns_dataset\square\parking\01307_00002.png,square,0,3
632,2674,./trafficsigns_dataset\square\parking\01314_00000.png,square,0,3
633,2675,./trafficsigns_dataset\square\parking\01314_00001.png,square,0,3
634,2676,./trafficsigns_dataset\square\parking\01314_00002.png,square,0,3
635,2677,./trafficsigns_dataset\square\parking\01321_00000.png,square,0,3
636,2678,./trafficsigns_dataset\square\parking\01321_00001.png,square,0,3
637,2679,./trafficsigns_dataset\square\parking\01321_00002.png,square,0,3
638,2680,./trafficsigns_dataset\square\parking\01322_00000.png,square,0,3
639,2681,./trafficsigns_dataset\square\parking\01322_00001.png,square,0,3
640,2682,./trafficsigns_dataset\square\parking\01322_00002.png,square,0,3
641,2683,./trafficsigns_dataset\square\parking\01325_00000.png,square,0,3
642,2684,./trafficsigns_dataset\square\parking\01325_00001.png,square,0,3
643,2685,./trafficsigns_dataset\square\parking\01325_00002.png,square,0,3
644,2686,./trafficsigns_dataset\square\parking\01332_00000.png,square,0,3
645,2687,./trafficsigns_dataset\square\parking\01332_00001.png,square,0,3
646,2688,./trafficsigns_dataset\square\parking\01338_00000.png,square,0,3
647,2689,./trafficsigns_dataset\square\parking\01338_00001.png,square,0,3
648,2690,./trafficsigns_dataset\square\parking\01338_00002.png,square,0,3
649,2691,./trafficsigns_dataset\square\parking\01340_00000.png,square,0,3
650,2692,./trafficsigns_dataset\square\parking\01340_00001.png,square,0,3
651,2693,./trafficsigns_dataset\square\parking\01340_00002.png,square,0,3
652,2694,./trafficsigns_dataset\square\parking\01341_00000.png,square,0,3
653,2695,./trafficsigns_dataset\square\parking\01341_00001.png,square,0,3
654,2696,./trafficsigns_dataset\square\parking\01341_00002.png,square,0,3
655,2697,./trafficsigns_dataset\square\parking\01350_00000.png,square,0,3
656,2698,./trafficsigns_dataset\square\parking\01350_00001.png,square,0,3
657,2699,./trafficsigns_dataset\square\parking\01350_00002.png,square,0,3
658,2700,./trafficsigns_dataset\square\parking\01358_00000.png,square,0,3
659,2701,./trafficsigns_dataset\square\parking\01358_00001.png,square,0,3
660,2702,./trafficsigns_dataset\square\parking\01358_00002.png,square,0,3
661,2703,./trafficsigns_dataset\square\parking\01359_00000.png,square,0,3
662,2704,./trafficsigns_dataset\square\parking\01359_00001.png,square,0,3
663,2705,./trafficsigns_dataset\square\parking\01362_00000.png,square,0,3
664,2706,./trafficsigns_dataset\square\parking\01362_00001.png,square,0,3
665,2707,./trafficsigns_dataset\square\parking\01362_00002.png,square,0,3
666,2708,./trafficsigns_dataset\square\parking\01366_00000.png,square,0,3
667,2709,./trafficsigns_dataset\square\parking\01366_00001.png,square,0,3
668,2710,./trafficsigns_dataset\square\parking\01366_00002.png,square,0,3
669,2711,./trafficsigns_dataset\square\parking\01379_00000.png,square,0,3
670,2712,./trafficsigns_dataset\square\parking\01379_00001.png,square,0,3
671,2713,./trafficsigns_dataset\square\parking\01379_00002.png,square,0,3
672,2714,./trafficsigns_dataset\square\parking\01390_00000.png,square,0,3
673,2715,./trafficsigns_dataset\square\parking\01390_00001.png,square,0,3
674,2716,./trafficsigns_dataset\square\parking\01390_00002.png,square,0,3
675,2717,./trafficsigns_dataset\square\parking\01391_00000.png,square,0,3
676,2718,./trafficsigns_dataset\square\parking\01391_00001.png,square,0,3
677,2719,./trafficsigns_dataset\square\parking\01391_00002.png,square,0,3
678,2720,./trafficsigns_dataset\square\parking\01392_00000.png,square,0,3
679,2721,./trafficsigns_dataset\square\parking\01392_00001.png,square,0,3
680,2722,./trafficsigns_dataset\square\parking\01392_00002.png,square,0,3
681,2723,./trafficsigns_dataset\square\parking\01410_00000.png,square,0,3
682,2724,./trafficsigns_dataset\square\parking\01410_00001.png,square,0,3
683,2725,./trafficsigns_dataset\square\parking\01410_00002.png,square,0,3
684,2726,./trafficsigns_dataset\square\parking\01420_00000.png,square,0,3
685,2727,./trafficsigns_dataset\square\parking\01420_00001.png,square,0,3
686,2728,./trafficsigns_dataset\square\parking\01432_00000.png,square,0,3
687,2729,./trafficsigns_dataset\square\parking\01432_00001.png,square,0,3
688,2730,./trafficsigns_dataset\square\parking\01432_00002.png,square,0,3
689,2731,./trafficsigns_dataset\square\parking\01456_00000.png,square,0,3
690,2732,./trafficsigns_dataset\square\parking\01456_00001.png,square,0,3
691,2733,./trafficsigns_dataset\square\parking\01456_00002.png,square,0,3
692,2734,./trafficsigns_dataset\square\parking\01476_00000.png,square,0,3
693,2735,./trafficsigns_dataset\square\parking\01476_00001.png,square,0,3
694,2736,./trafficsigns_dataset\square\parking\01476_00002.png,square,0,3
695,2737,./trafficsigns_dataset\square\parking\01489_00000.png,square,0,3
696,2738,./trafficsigns_dataset\square\parking\01489_00001.png,square,0,3
697,2739,./trafficsigns_dataset\square\parking\01489_00002.png,square,0,3
698,2740,./trafficsigns_dataset\square\parking\01573_00000.png,square,0,3
699,2741,./trafficsigns_dataset\square\parking\01573_00001.png,square,0,3
700,2742,./trafficsigns_dataset\square\parking\01573_00002.png,square,0,3
701,2743,./trafficsigns_dataset\square\parking\01596_00000.png,square,0,3
702,2744,./trafficsigns_dataset\square\parking\01596_00001.png,square,0,3
703,2745,./trafficsigns_dataset\square\parking\01596_00002.png,square,0,3
704,2746,./trafficsigns_dataset\square\parking\01614_00000.png,square,0,3
705,2747,./trafficsigns_dataset\square\parking\01614_00001.png,square,0,3
706,2748,./trafficsigns_dataset\square\parking\01614_00002.png,square,0,3
707,2749,./trafficsigns_dataset\square\parking\01628_00000.png,square,0,3
708,2750,./trafficsigns_dataset\square\parking\01628_00001.png,square,0,3
709,2751,./trafficsigns_dataset\square\parking\01628_00002.png,square,0,3
710,2752,./trafficsigns_dataset\square\parking\01637_00000.png,square,0,3
711,2753,./trafficsigns_dataset\square\parking\01637_00001.png,square,0,3
712,2754,./trafficsigns_dataset\square\parking\01637_00002.png,square,0,3
713,2755,./trafficsigns_dataset\square\parking\01679_00000.png,square,0,3
714,2756,./trafficsigns_dataset\square\parking\01679_00001.png,square,0,3
715,2757,./trafficsigns_dataset\square\parking\01679_00002.png,square,0,3
716,2758,./trafficsigns_dataset\square\parking\01690_00000.png,square,0,3
717,2759,./trafficsigns_dataset\square\parking\01690_00001.png,square,0,3
718,2760,./trafficsigns_dataset\square\parking\01690_00002.png,square,0,3
719,2761,./trafficsigns_dataset\square\parking\01694_00000.png,square,0,3
720,2762,./trafficsigns_dataset\square\parking\01694_00001.png,square,0,3
721,2763,./trafficsigns_dataset\square\parking\01694_00002.png,square,0,3
722,2764,./trafficsigns_dataset\square\parking\01731_00000.png,square,0,3
723,2765,./trafficsigns_dataset\square\parking\01731_00001.png,square,0,3
724,2766,./trafficsigns_dataset\square\parking\01731_00002.png,square,0,3
725,2767,./trafficsigns_dataset\square\parking\01890_00000.png,square,0,3
726,2768,./trafficsigns_dataset\square\parking\01890_00001.png,square,0,3
727,2769,./trafficsigns_dataset\square\parking\01890_00002.png,square,0,3
728,2770,./trafficsigns_dataset\square\parking\01923_00000.png,square,0,3
729,2771,./trafficsigns_dataset\square\parking\01923_00001.png,square,0,3
730,2772,./trafficsigns_dataset\square\parking\01923_00002.png,square,0,3
